날짜,시간,오류 값,온도,습도
2022-11-25,11:33:06,H,14.70,53.90
2022-11-25,11:33:16,H,14.70,53.80
2022-11-25,19:21:06,H,13.00,60.10
2022-11-25,19:21:16,H,13.00,60.10
2022-11-25,19:21:26,H,13.00,60.10
2022-11-25,19:21:36,H,13.00,60.20
2022-11-25,19:21:46,H,13.00,60.20
2022-11-25,19:21:56,H,13.00,60.20
2022-11-25,19:22:06,H,13.00,60.20
2022-11-25,19:22:16,H,13.00,60.20
2022-11-25,19:22:26,H,13.00,60.20
2022-11-25,19:22:36,H,13.00,60.20
2022-11-25,19:22:46,H,13.00,60.20
2022-11-25,19:22:56,H,13.00,60.10
2022-11-25,19:23:06,H,13.00,60.10
2022-11-25,19:23:16,H,13.00,60.10
2022-11-25,19:23:26,H,13.00,60.10
2022-11-25,19:23:36,H,13.00,60.10
2022-11-25,19:23:46,H,13.00,60.20
2022-11-25,19:23:56,H,13.00,60.20
2022-11-25,19:24:06,H,13.00,60.20
2022-11-25,19:24:16,H,13.00,60.20
2022-11-25,19:24:26,H,13.00,60.20
2022-11-25,19:24:36,H,13.00,60.20
2022-11-25,19:24:46,H,13.00,60.30
2022-11-25,19:24:56,H,13.00,60.30
2022-11-25,19:25:06,H,13.00,60.30
2022-11-25,19:25:16,H,13.00,60.30
2022-11-25,19:25:26,H,13.00,60.40
2022-11-25,19:25:36,H,13.00,60.40
2022-11-25,19:25:46,H,13.00,60.40
2022-11-25,19:25:56,H,13.00,60.30
2022-11-25,19:28:06,H,12.90,60.10
2022-11-25,19:28:16,H,12.90,60.10
2022-11-25,19:28:26,H,12.90,60.20
2022-11-25,19:28:36,H,12.90,60.30
2022-11-25,19:28:46,H,12.90,60.30
2022-11-25,19:28:56,H,12.90,60.30
2022-11-25,19:29:06,H,12.90,60.20
2022-11-25,19:29:16,H,12.90,60.20
2022-11-25,19:29:26,H,12.90,60.20
2022-11-25,19:29:36,H,12.90,60.20
2022-11-25,19:29:46,H,12.90,60.30
2022-11-25,19:29:56,H,12.90,60.30
2022-11-25,19:30:06,H,12.90,60.30
2022-11-25,19:30:16,H,12.90,60.40
2022-11-25,19:30:26,H,12.90,60.40
2022-11-25,19:30:36,H,12.90,60.40
2022-11-25,19:30:46,H,12.90,60.30
2022-11-25,19:30:56,H,12.90,60.10
2022-11-25,19:31:06,H,12.90,60.10
2022-11-25,19:31:36,H,12.90,60.10
2022-11-25,19:31:46,H,12.90,60.20
2022-11-25,19:31:56,H,12.90,60.30
2022-11-25,19:32:06,H,12.90,60.20
2022-11-25,19:32:16,H,12.90,60.20
2022-11-25,19:32:26,H,12.90,60.30
2022-11-25,19:32:36,H,12.90,60.30
2022-11-25,19:32:46,H,12.90,60.30
2022-11-25,19:32:56,H,12.90,60.40
2022-11-25,19:33:06,H,12.90,60.30
2022-11-25,19:33:16,H,12.90,60.40
2022-11-25,19:33:26,H,12.90,60.40
2022-11-25,19:33:36,H,12.90,60.40
2022-11-25,19:33:46,H,12.90,60.40
2022-11-25,19:33:56,H,12.90,60.40
2022-11-25,19:34:06,H,12.90,60.30
2022-11-25,19:34:16,H,12.90,60.30
2022-11-25,19:34:26,H,12.90,60.30
2022-11-25,19:34:36,H,12.90,60.30
2022-11-25,19:34:46,H,12.90,60.30
2022-11-25,19:34:56,H,12.90,60.40
2022-11-25,19:35:06,H,12.90,60.40
2022-11-25,19:35:16,H,12.90,60.40
2022-11-25,19:35:26,H,12.90,60.50
2022-11-25,19:35:36,H,12.90,60.40
2022-11-25,19:35:46,H,12.90,60.20
2022-11-25,19:35:56,H,12.90,60.30
2022-11-25,19:36:06,H,12.90,60.30
2022-11-25,19:36:16,H,12.90,60.30
2022-11-25,19:36:26,H,12.90,60.40
2022-11-25,19:36:36,H,12.90,60.40
2022-11-25,19:36:46,H,12.90,60.40
2022-11-25,19:36:56,H,12.90,60.40
2022-11-25,19:37:06,H,12.90,60.30
2022-11-25,19:37:16,H,12.90,60.40
2022-11-25,19:37:26,H,12.90,60.40
2022-11-25,19:37:36,H,12.90,60.40
2022-11-25,19:37:46,H,12.90,60.40
2022-11-25,19:37:56,H,12.90,60.40
2022-11-25,19:38:06,H,12.90,60.40
2022-11-25,19:38:16,H,12.90,60.30
2022-11-25,19:38:26,H,12.90,60.20
2022-11-25,19:40:16,H,12.80,60.20
2022-11-25,19:40:26,H,12.80,60.30
2022-11-25,19:40:46,H,12.80,60.50
2022-11-25,19:40:56,H,12.80,60.50
2022-11-25,19:41:06,H,12.80,60.50
2022-11-25,19:41:16,H,12.80,60.50
2022-11-25,19:41:26,H,12.80,60.50
2022-11-25,19:41:36,H,12.80,60.50
2022-11-25,19:41:46,H,12.80,60.50
2022-11-25,19:41:56,H,12.80,60.50
2022-11-25,19:42:06,H,12.80,60.50
2022-11-25,19:42:16,H,12.80,60.40
2022-11-25,19:42:26,H,12.80,60.30
2022-11-25,19:42:36,H,12.80,60.20
2022-11-25,19:42:46,H,12.80,60.30
2022-11-25,19:42:56,H,12.80,60.40
2022-11-25,19:43:06,H,12.80,60.20
2022-11-25,19:43:26,H,12.80,60.10
2022-11-25,19:43:36,H,12.80,60.30
2022-11-25,19:43:46,H,12.80,60.50
2022-11-25,19:43:56,H,12.80,60.50
2022-11-25,19:44:06,H,12.80,60.60
2022-11-25,19:44:16,H,12.80,60.60
2022-11-25,19:44:26,H,12.80,60.60
2022-11-25,19:44:36,H,12.80,60.70
2022-11-25,19:44:46,H,12.80,60.70
2022-11-25,19:44:56,H,12.80,60.80
2022-11-25,19:45:06,H,12.80,60.80
2022-11-25,19:45:16,H,12.80,60.80
2022-11-25,19:45:26,H,12.80,60.80
2022-11-25,19:45:36,H,12.80,60.80
2022-11-25,19:45:46,H,12.80,60.80
2022-11-25,19:45:56,H,12.80,60.70
2022-11-25,19:46:06,H,12.80,60.70
2022-11-25,19:46:16,H,12.80,60.70
2022-11-25,19:46:26,H,12.80,60.70
2022-11-25,19:46:36,H,12.80,60.70
2022-11-25,19:46:46,H,12.80,60.70
2022-11-25,19:46:56,H,12.80,60.70
2022-11-25,19:47:06,H,12.80,60.70
2022-11-25,19:47:16,H,12.80,60.70
2022-11-25,19:47:26,H,12.80,60.70
2022-11-25,19:47:36,H,12.80,60.70
2022-11-25,19:47:46,H,12.80,60.70
2022-11-25,19:47:56,H,12.80,60.70
2022-11-25,19:48:06,H,12.80,60.60
2022-11-25,19:48:16,H,12.80,60.60
2022-11-25,19:48:26,H,12.80,60.60
2022-11-25,19:48:36,H,12.80,60.60
2022-11-25,19:48:46,H,12.80,60.70
2022-11-25,19:48:56,H,12.80,60.80
2022-11-25,19:49:06,H,12.80,60.90
2022-11-25,19:49:16,H,12.80,60.90
2022-11-25,19:49:26,H,12.80,60.90
2022-11-25,19:49:36,H,12.80,60.90
2022-11-25,19:49:46,H,12.80,60.90
2022-11-25,19:49:56,H,12.80,60.90
2022-11-25,19:50:06,H,12.80,60.90
2022-11-25,19:50:16,H,12.80,60.90
2022-11-25,19:50:26,H,12.80,60.90
2022-11-25,19:50:36,H,12.80,60.90
2022-11-25,19:50:46,H,12.80,60.90
2022-11-25,19:50:56,H,12.80,60.90
2022-11-25,19:51:06,H,12.80,60.90
2022-11-25,19:51:16,H,12.80,60.90
2022-11-25,19:51:26,H,12.80,60.90
2022-11-25,19:51:36,H,12.80,60.90
2022-11-25,19:51:46,H,12.80,60.90
2022-11-25,19:51:56,H,12.80,60.90
2022-11-25,19:52:06,H,12.80,60.90
2022-11-25,19:52:16,H,12.80,60.90
2022-11-25,19:52:26,H,12.80,60.90
2022-11-25,19:52:36,H,12.80,60.90
2022-11-25,19:52:46,H,12.80,60.90
2022-11-25,19:52:56,H,12.80,60.90
2022-11-25,19:53:06,H,12.80,60.90
2022-11-25,19:53:16,H,12.80,60.90
2022-11-25,19:53:26,H,12.80,60.80
2022-11-25,19:53:36,H,12.80,60.80
2022-11-25,19:53:46,H,12.80,60.80
2022-11-25,19:53:56,H,12.80,60.80
2022-11-25,19:54:06,H,12.80,60.80
2022-11-25,19:54:16,H,12.80,60.90
2022-11-25,19:54:26,H,12.80,60.80
2022-11-25,19:54:36,H,12.80,60.90
2022-11-25,19:54:46,H,12.80,60.90
2022-11-25,19:54:56,H,12.80,60.90
2022-11-25,19:55:06,H,12.80,60.90
2022-11-25,19:55:16,H,12.80,60.90
2022-11-25,19:55:26,H,12.80,60.90
2022-11-25,19:55:36,H,12.80,61.00
2022-11-25,19:55:46,H,12.80,61.00
2022-11-25,19:55:56,H,12.80,60.90
2022-11-25,19:56:06,H,12.80,60.90
2022-11-25,19:56:16,H,12.80,60.90
2022-11-25,19:56:26,H,12.80,60.60
2022-11-25,19:56:36,H,12.80,60.40
2022-11-25,19:56:46,H,12.70,60.20
2022-11-25,19:57:56,H,12.70,60.10
2022-11-25,19:58:06,H,12.70,60.30
2022-11-25,19:58:16,H,12.70,60.10
2022-11-25,19:59:36,H,12.60,60.20
2022-11-25,19:59:46,H,12.50,60.70
2022-11-25,19:59:56,H,12.50,61.00
2022-11-25,20:00:06,H,12.50,61.10
2022-11-25,20:00:16,H,12.50,61.20
2022-11-25,20:00:26,H,12.50,61.30
2022-11-25,20:00:36,H,12.50,61.30
2022-11-25,20:00:46,H,12.50,61.30
2022-11-25,20:00:56,H,12.50,61.20
2022-11-25,20:01:06,H,12.50,61.20
2022-11-25,20:01:16,H,12.50,61.20
2022-11-25,20:01:26,H,12.50,61.20
2022-11-25,20:01:36,H,12.50,61.20
2022-11-25,20:01:46,H,12.50,61.20
2022-11-25,20:01:56,H,12.50,61.20
2022-11-25,20:02:06,H,12.50,61.10
2022-11-25,20:02:16,H,12.50,61.10
2022-11-25,20:02:26,H,12.50,61.00
2022-11-25,20:02:36,H,12.50,61.00
2022-11-25,20:02:46,H,12.50,60.90
2022-11-25,20:02:56,H,12.50,60.90
2022-11-25,20:03:06,H,12.50,60.90
2022-11-25,20:03:16,H,12.50,60.90
2022-11-25,20:03:26,H,12.50,60.90
2022-11-25,20:03:36,H,12.50,61.00
2022-11-25,20:03:46,H,12.50,61.00
2022-11-25,20:03:56,H,12.50,61.00
2022-11-25,20:04:06,H,12.50,61.10
2022-11-25,20:04:16,H,12.50,61.20
2022-11-25,20:04:26,H,12.50,61.10
2022-11-25,20:04:36,H,12.50,61.00
2022-11-25,20:04:46,H,12.50,60.90
2022-11-25,20:04:56,H,12.50,60.90
2022-11-25,20:05:06,H,12.50,60.90
2022-11-25,20:05:16,H,12.50,60.90
2022-11-25,20:05:26,H,12.50,60.90
2022-11-25,20:05:36,H,12.50,60.90
2022-11-25,20:05:46,H,12.50,60.90
2022-11-25,20:05:56,H,12.40,60.90
2022-11-25,20:06:06,H,12.50,61.00
2022-11-25,20:06:16,H,12.50,61.00
2022-11-25,20:06:26,H,12.50,61.00
2022-11-25,20:06:36,H,12.50,61.00
2022-11-25,20:06:46,H,12.50,61.00
2022-11-25,20:06:56,H,12.50,61.10
2022-11-25,20:07:06,H,12.50,61.10
2022-11-25,20:07:16,H,12.50,61.10
2022-11-25,20:07:26,H,12.40,61.10
2022-11-25,20:07:36,H,12.40,61.10
2022-11-25,20:07:46,H,12.40,61.20
2022-11-25,20:07:56,H,12.40,61.20
2022-11-25,20:08:06,H,12.40,61.20
2022-11-25,20:08:16,H,12.40,61.20
2022-11-25,20:08:26,H,12.40,61.20
2022-11-25,20:08:36,H,12.40,61.10
2022-11-25,20:08:46,H,12.40,61.10
2022-11-25,20:08:56,H,12.40,61.10
2022-11-25,20:09:06,H,12.40,61.10
2022-11-25,20:09:16,H,12.40,61.10
2022-11-25,20:09:26,H,12.40,61.20
2022-11-25,20:09:36,H,12.40,61.20
2022-11-25,20:09:46,H,12.40,61.20
2022-11-25,20:09:56,H,12.40,61.30
2022-11-25,20:10:06,H,12.40,61.30
2022-11-25,20:10:16,H,12.40,61.30
2022-11-25,20:10:26,H,12.40,61.40
2022-11-25,20:10:36,H,12.40,61.40
2022-11-25,20:10:46,H,12.40,61.40
2022-11-25,20:10:56,H,12.40,61.40
2022-11-25,20:11:06,H,12.40,61.40
2022-11-25,20:11:16,H,12.40,61.40
2022-11-25,20:11:26,H,12.40,61.50
2022-11-25,20:11:36,H,12.40,61.40
2022-11-25,20:11:46,H,12.40,61.40
2022-11-25,20:11:56,H,12.40,61.50
2022-11-25,20:12:06,H,12.40,61.50
2022-11-25,20:12:16,H,12.40,61.50
2022-11-25,20:12:26,H,12.40,61.50
2022-11-25,20:12:36,H,12.40,61.50
2022-11-25,20:12:46,H,12.40,61.50
2022-11-25,20:12:56,H,12.40,61.50
2022-11-25,20:13:06,H,12.40,61.40
2022-11-25,20:13:16,H,12.40,61.40
2022-11-25,20:13:26,H,12.40,61.40
2022-11-25,20:13:36,H,12.40,61.40
2022-11-25,20:13:46,H,12.40,61.40
2022-11-25,20:13:56,H,12.40,61.40
2022-11-25,20:14:06,H,12.40,61.40
2022-11-25,20:14:16,H,12.40,61.40
2022-11-25,20:14:26,H,12.40,61.40
2022-11-25,20:14:36,H,12.40,61.40
2022-11-25,20:14:46,H,12.40,61.40
2022-11-25,20:14:56,H,12.40,61.40
2022-11-25,20:15:06,H,12.40,61.40
2022-11-25,20:15:16,H,12.40,61.40
2022-11-25,20:15:26,H,12.40,61.40
2022-11-25,20:15:36,H,12.40,61.50
2022-11-25,20:15:46,H,12.40,61.50
2022-11-25,20:15:56,H,12.40,61.40
2022-11-25,20:16:06,H,12.40,61.50
2022-11-25,20:16:16,H,12.40,61.50
2022-11-25,20:16:26,H,12.40,61.50
2022-11-25,20:16:36,H,12.40,61.50
2022-11-25,20:16:46,H,12.40,61.40
2022-11-25,20:16:56,H,12.30,61.40
2022-11-25,20:17:06,H,12.40,61.40
2022-11-25,20:17:16,H,12.40,61.40
2022-11-25,20:17:26,H,12.40,61.40
2022-11-25,20:17:36,H,12.30,61.40
2022-11-25,20:17:46,H,12.30,61.40
2022-11-25,20:17:56,H,12.30,61.40
2022-11-25,20:18:06,H,12.40,61.40
2022-11-25,20:18:16,H,12.30,61.50
2022-11-25,20:18:26,H,12.30,61.50
2022-11-25,20:18:36,H,12.30,61.40
2022-11-25,20:18:46,H,12.30,61.40
2022-11-25,20:18:56,H,12.30,61.40
2022-11-25,20:19:06,H,12.30,61.50
2022-11-25,20:19:16,H,12.30,61.50
2022-11-25,20:19:26,H,12.30,61.50
2022-11-25,20:19:36,H,12.30,61.50
2022-11-25,20:19:46,H,12.30,61.40
2022-11-25,20:19:56,H,12.30,61.40
2022-11-25,20:20:06,H,12.30,61.50
2022-11-25,20:20:16,H,12.30,61.50
2022-11-25,20:20:26,H,12.30,61.50
2022-11-25,20:20:36,H,12.30,61.50
2022-11-25,20:20:46,H,12.30,61.50
2022-11-25,20:20:56,H,12.30,61.60
2022-11-25,20:21:06,H,12.30,61.60
2022-11-25,20:21:16,H,12.30,61.60
2022-11-25,20:21:26,H,12.30,61.60
2022-11-25,20:21:36,H,12.30,61.60
2022-11-25,20:21:46,H,12.30,61.60
2022-11-25,20:21:56,H,12.30,61.60
2022-11-25,20:22:06,H,12.30,61.60
2022-11-25,20:22:16,H,12.30,61.50
2022-11-25,20:22:26,H,12.30,61.50
2022-11-25,20:22:36,H,12.30,61.50
2022-11-25,20:22:46,H,12.30,61.50
2022-11-25,20:22:56,H,12.30,61.60
2022-11-25,20:23:06,H,12.30,61.60
2022-11-25,20:23:16,H,12.30,61.60
2022-11-25,20:23:26,H,12.30,61.60
2022-11-25,20:23:36,H,12.30,61.70
2022-11-25,20:23:46,H,12.30,61.70
2022-11-25,20:23:56,H,12.30,61.70
2022-11-25,20:24:06,H,12.20,61.60
2022-11-25,20:24:16,H,12.20,61.60
2022-11-25,20:24:26,H,12.30,61.70
2022-11-25,20:24:36,H,12.20,61.70
2022-11-25,20:24:46,H,12.20,61.70
2022-11-25,20:24:56,H,12.20,61.80
2022-11-25,20:25:06,H,12.20,61.80
2022-11-25,20:25:16,H,12.20,61.80
2022-11-25,20:25:26,H,12.20,61.70
2022-11-25,20:25:36,H,12.20,61.70
2022-11-25,20:25:56,H,12.20,61.60
2022-11-25,20:26:06,H,12.20,61.60
2022-11-25,20:26:16,H,12.20,61.70
2022-11-25,20:26:26,H,12.20,61.60
2022-11-25,20:26:36,H,12.20,61.70
2022-11-25,20:26:46,H,12.20,61.60
2022-11-25,20:26:56,H,12.20,61.60
2022-11-25,20:27:06,H,12.20,61.60
2022-11-25,20:27:16,H,12.20,61.60
2022-11-25,20:27:26,H,12.20,61.60
2022-11-25,20:27:36,H,12.20,61.70
2022-11-25,20:27:46,H,12.20,61.70
2022-11-25,20:27:56,H,12.20,61.70
2022-11-25,20:28:06,H,12.20,61.70
2022-11-25,20:28:16,H,12.20,61.70
2022-11-25,20:28:26,H,12.20,61.70
2022-11-25,20:28:36,H,12.20,61.70
2022-11-25,20:28:46,H,12.20,61.70
2022-11-25,20:28:56,H,12.20,61.70
2022-11-25,20:29:06,H,12.20,61.70
2022-11-25,20:29:16,H,12.20,61.60
2022-11-25,20:29:26,H,12.20,61.60
2022-11-25,20:29:36,H,12.20,61.60
2022-11-25,20:29:46,H,12.20,61.60
2022-11-25,20:29:56,H,12.20,61.50
2022-11-25,20:30:06,H,12.20,61.50
2022-11-25,20:30:16,H,12.20,61.50
2022-11-25,20:30:26,H,12.20,61.50
2022-11-25,20:30:36,H,12.20,61.50
2022-11-25,20:30:46,H,12.20,61.60
2022-11-25,20:30:56,H,12.20,61.60
2022-11-25,20:31:06,H,12.20,61.60
2022-11-25,20:31:16,H,12.20,61.60
2022-11-25,20:31:26,H,12.20,61.60
2022-11-25,20:31:36,H,12.20,61.70
2022-11-25,20:31:46,H,12.20,61.70
2022-11-25,20:31:56,H,12.20,61.60
2022-11-25,20:32:06,H,12.20,61.60
2022-11-25,20:32:16,H,12.20,61.50
2022-11-25,20:32:26,H,12.20,61.50
2022-11-25,20:32:36,H,12.20,61.60
2022-11-25,20:32:46,H,12.20,61.50
2022-11-25,20:32:56,H,12.20,61.50
2022-11-25,20:33:06,H,12.20,61.50
2022-11-25,20:33:16,H,12.20,61.40
2022-11-25,20:33:26,H,12.20,61.40
2022-11-25,20:33:36,H,12.20,61.40
2022-11-25,20:33:46,H,12.20,61.40
2022-11-25,20:33:56,H,12.20,61.50
2022-11-25,20:34:06,H,12.20,61.50
2022-11-25,20:34:16,H,12.20,61.40
2022-11-25,20:34:26,H,12.20,61.40
2022-11-25,20:34:36,H,12.20,61.40
2022-11-25,20:34:46,H,12.20,61.50
2022-11-25,20:34:56,H,12.20,61.40
2022-11-25,20:35:06,H,12.20,61.40
2022-11-25,20:35:16,H,12.20,61.50
2022-11-25,20:35:26,H,12.20,61.10
2022-11-25,20:35:36,H,12.20,61.00
2022-11-25,20:35:46,H,12.20,60.80
2022-11-25,20:35:56,H,12.20,60.90
2022-11-25,20:36:06,H,12.10,61.10
2022-11-25,20:36:16,H,12.10,61.30
2022-11-25,20:36:26,H,12.10,61.30
2022-11-25,20:36:36,H,12.10,61.30
2022-11-25,20:36:46,H,12.20,61.30
2022-11-25,20:36:56,H,12.20,61.40
2022-11-25,20:37:06,H,12.20,61.50
2022-11-25,20:37:16,H,12.10,61.50
2022-11-25,20:37:26,H,12.20,61.50
2022-11-25,20:37:36,H,12.20,61.50
2022-11-25,20:37:46,H,12.20,61.50
2022-11-25,20:37:56,H,12.20,61.50
2022-11-25,20:38:06,H,12.20,61.50
2022-11-25,20:38:16,H,12.20,61.40
2022-11-25,20:38:26,H,12.20,61.40
2022-11-25,20:38:36,H,12.20,61.40
2022-11-25,20:38:46,H,12.20,61.40
2022-11-25,20:38:56,H,12.10,61.40
2022-11-25,20:39:06,H,12.20,61.40
2022-11-25,20:39:16,H,12.20,61.40
2022-11-25,20:39:26,H,12.20,61.40
2022-11-25,20:39:36,H,12.20,61.40
2022-11-25,20:39:46,H,12.10,61.40
2022-11-25,20:39:56,H,12.20,61.40
2022-11-25,20:40:06,H,12.20,61.40
2022-11-25,20:40:16,H,12.20,61.40
2022-11-25,20:40:26,H,12.20,61.40
2022-11-25,20:40:36,H,12.20,61.40
2022-11-25,20:40:46,H,12.20,61.40
2022-11-25,20:40:56,H,12.20,61.30
2022-11-25,20:41:06,H,12.20,61.30
2022-11-25,20:41:16,H,12.10,61.20
2022-11-25,20:41:26,H,12.10,61.20
2022-11-25,20:41:36,H,12.10,61.20
2022-11-25,20:41:46,H,12.10,61.30
2022-11-25,20:41:56,H,12.10,61.20
2022-11-25,20:42:06,H,12.10,61.20
2022-11-25,20:42:16,H,12.10,61.30
2022-11-25,20:42:26,H,12.10,61.30
2022-11-25,20:42:36,H,12.10,61.20
2022-11-25,20:42:46,H,12.10,61.20
2022-11-25,20:42:56,H,12.10,61.20
2022-11-25,20:43:06,H,12.10,61.20
2022-11-25,20:43:16,H,12.10,61.20
2022-11-25,20:43:26,H,12.10,61.20
2022-11-25,20:43:36,H,12.10,61.20
2022-11-25,20:43:46,H,12.10,61.20
2022-11-25,20:43:56,H,12.10,61.20
2022-11-25,20:44:06,H,12.10,61.20
2022-11-25,20:44:16,H,12.10,60.90
2022-11-25,20:44:26,H,12.10,60.60
2022-11-25,20:44:36,H,12.10,60.60
2022-11-25,20:44:46,H,12.10,60.70
2022-11-25,20:44:56,H,12.10,60.50
2022-11-25,20:45:06,H,12.10,60.40
2022-11-25,20:45:16,H,12.10,60.60
2022-11-25,20:45:26,H,12.10,60.90
2022-11-25,20:45:36,H,12.10,61.20
2022-11-25,20:45:46,H,12.00,61.30
2022-11-25,20:45:56,H,12.10,61.40
2022-11-25,20:46:06,H,12.00,61.40
2022-11-25,20:46:16,H,12.10,61.50
2022-11-25,20:46:26,H,12.00,61.50
2022-11-25,20:46:36,H,12.10,61.60
2022-11-25,20:46:46,H,12.10,61.60
2022-11-25,20:46:56,H,12.00,61.60
2022-11-25,20:47:06,H,12.00,61.60
2022-11-25,20:47:16,H,12.10,61.60
2022-11-25,20:47:26,H,12.00,61.50
2022-11-25,20:47:36,H,12.10,61.60
2022-11-25,20:47:46,H,12.10,61.60
2022-11-25,20:47:56,H,12.10,61.60
2022-11-25,20:48:06,H,12.00,61.60
2022-11-25,20:48:16,H,12.10,61.70
2022-11-25,20:48:26,H,12.00,61.70
2022-11-25,20:48:36,H,12.00,61.70
2022-11-25,20:48:46,H,12.10,61.70
2022-11-25,20:48:56,H,12.10,61.70
2022-11-25,20:49:06,H,12.10,61.70
2022-11-25,20:49:16,H,12.10,61.60
2022-11-25,20:49:26,H,12.10,61.60
2022-11-25,20:49:36,H,12.10,61.70
2022-11-25,20:49:46,H,12.10,61.70
2022-11-25,20:49:56,H,12.10,61.70
2022-11-25,20:50:06,H,12.00,61.70
2022-11-25,20:50:16,H,12.10,61.70
2022-11-25,20:50:36,H,12.10,61.70
2022-11-25,20:50:46,H,12.10,61.70
2022-11-25,20:50:56,H,12.10,61.70
2022-11-25,20:51:06,H,12.10,61.70
2022-11-25,20:51:16,H,12.10,61.60
2022-11-25,20:51:26,H,12.10,61.60
2022-11-25,20:51:36,H,12.10,61.60
2022-11-25,20:51:46,H,12.10,61.60
2022-11-25,20:51:56,H,12.10,61.50
2022-11-25,20:52:06,H,12.10,61.30
2022-11-25,20:52:16,H,12.00,61.00
2022-11-25,20:52:26,H,12.10,60.60
2022-11-25,20:52:36,H,12.10,60.50
2022-11-25,20:52:46,H,12.00,60.40
2022-11-25,20:52:56,H,12.00,60.40
2022-11-25,20:53:06,H,12.00,60.40
2022-11-25,20:53:16,H,12.00,60.70
2022-11-25,20:53:26,H,12.00,61.00
2022-11-25,20:53:36,H,12.00,61.30
2022-11-25,20:53:46,H,12.00,61.50
2022-11-25,20:53:56,H,12.00,61.50
2022-11-25,20:54:06,H,12.00,61.60
2022-11-25,20:54:16,H,12.00,61.60
2022-11-25,20:54:26,H,12.00,61.60
2022-11-25,20:54:36,H,12.00,61.60
2022-11-25,20:54:46,H,12.00,61.60
2022-11-25,20:54:56,H,12.00,61.60
2022-11-25,20:55:06,H,12.00,61.60
2022-11-25,20:55:16,H,12.00,61.60
2022-11-25,20:55:26,H,12.00,61.50
2022-11-25,20:55:36,H,12.00,61.50
2022-11-25,20:55:46,H,12.00,61.50
2022-11-25,20:55:56,H,12.00,61.50
2022-11-25,20:56:06,H,12.00,61.40
2022-11-25,20:56:16,H,12.00,61.50
2022-11-25,20:56:26,H,12.00,61.50
2022-11-25,20:56:36,H,12.00,61.50
2022-11-25,20:56:46,H,12.00,61.60
2022-11-25,20:56:56,H,12.00,61.60
2022-11-25,20:57:06,H,12.00,61.60
2022-11-25,20:57:16,H,12.00,61.60
2022-11-25,20:57:26,H,12.00,61.60
2022-11-25,20:57:36,H,12.00,61.60
2022-11-25,20:57:46,H,12.00,61.60
2022-11-25,20:57:56,H,12.00,61.60
2022-11-25,20:58:06,H,12.00,61.60
2022-11-25,20:58:16,H,12.00,61.60
2022-11-25,20:58:26,H,12.00,61.60
2022-11-25,20:58:36,H,12.00,61.60
2022-11-25,20:58:46,H,12.00,61.50
2022-11-25,20:58:56,H,12.00,61.60
2022-11-25,20:59:06,H,12.00,61.50
2022-11-25,20:59:16,H,12.00,61.50
2022-11-25,20:59:26,H,12.00,61.50
2022-11-25,20:59:36,H,12.00,61.50
2022-11-25,20:59:46,H,12.00,61.60
2022-11-25,20:59:56,H,12.00,61.60
2022-11-25,21:00:06,H,12.00,61.60
2022-11-25,21:00:16,H,12.00,61.50
2022-11-25,21:00:26,H,12.00,61.50
2022-11-25,21:00:36,H,12.00,61.50
2022-11-25,21:00:46,H,12.00,61.50
2022-11-25,21:00:56,H,12.00,61.50
2022-11-25,21:01:06,H,12.00,61.50
2022-11-25,21:01:16,H,12.00,61.50
2022-11-25,21:01:26,H,12.00,61.50
2022-11-25,21:01:36,H,12.00,61.40
2022-11-25,21:01:46,H,12.00,61.20
2022-11-25,21:01:56,H,12.00,60.80
2022-11-25,21:02:06,H,12.00,60.80
2022-11-25,21:02:16,H,12.00,60.80
2022-11-25,21:02:26,H,12.00,60.60
2022-11-25,21:02:36,H,12.00,60.60
2022-11-25,21:02:46,H,12.00,60.90
2022-11-25,21:02:56,H,12.00,61.20
2022-11-25,21:03:06,H,11.90,61.40
2022-11-25,21:03:16,H,11.90,61.40
2022-11-25,21:03:26,H,12.00,61.50
2022-11-25,21:03:36,H,11.90,61.60
2022-11-25,21:03:46,H,11.90,61.60
2022-11-25,21:03:56,H,11.90,61.60
2022-11-25,21:04:06,H,11.90,61.70
2022-11-25,21:04:16,H,11.90,61.70
2022-11-25,21:04:26,H,11.90,61.70
2022-11-25,21:04:36,H,11.90,61.70
2022-11-25,21:04:46,H,11.90,61.80
2022-11-25,21:04:56,H,11.90,61.80
2022-11-25,21:05:06,H,11.90,61.80
2022-11-25,21:05:16,H,11.90,61.80
2022-11-25,21:05:26,H,11.90,61.80
2022-11-25,21:05:36,H,11.90,61.80
2022-11-25,21:05:46,H,11.90,61.70
2022-11-25,21:05:56,H,11.90,61.50
2022-11-25,21:06:06,H,11.90,61.50
2022-11-25,21:06:16,H,11.90,61.40
2022-11-25,21:06:26,H,11.90,61.40
2022-11-25,21:06:36,H,11.90,61.20
2022-11-25,21:06:46,H,11.90,60.90
2022-11-25,21:06:56,H,11.90,61.10
2022-11-25,21:07:06,H,11.90,61.40
2022-11-25,21:07:16,H,11.90,61.60
2022-11-25,21:07:26,H,11.90,61.80
2022-11-25,21:07:36,H,11.90,61.80
2022-11-25,21:07:46,H,11.90,61.90
2022-11-25,21:07:56,H,11.90,61.90
2022-11-25,21:08:06,H,11.90,61.90
2022-11-25,21:08:16,H,11.90,61.90
2022-11-25,21:08:26,H,11.90,61.90
2022-11-25,21:08:36,H,11.90,61.90
2022-11-25,21:08:46,H,11.90,61.90
2022-11-25,21:08:56,H,11.90,61.80
2022-11-25,21:09:06,H,11.90,61.70
2022-11-25,21:09:16,H,11.90,61.40
2022-11-25,21:09:26,H,11.90,61.20
2022-11-25,21:09:36,H,11.90,61.20
2022-11-25,21:09:46,H,11.90,61.20
2022-11-25,21:09:56,H,11.90,61.30
2022-11-25,21:10:06,H,11.90,61.50
2022-11-25,21:10:16,H,11.90,61.60
2022-11-25,21:10:26,H,11.90,61.70
2022-11-25,21:10:36,H,11.90,61.70
2022-11-25,21:10:46,H,11.90,61.80
2022-11-25,21:10:56,H,11.90,61.90
2022-11-25,21:11:06,H,11.90,62.00
2022-11-25,21:11:16,H,11.90,61.90
2022-11-25,21:11:26,H,11.90,61.90
2022-11-25,21:11:36,H,11.90,61.80
2022-11-25,21:11:46,H,11.90,61.70
2022-11-25,21:11:56,H,11.90,61.60
2022-11-25,21:12:06,H,11.90,61.80
2022-11-25,21:12:16,H,11.90,61.70
2022-11-25,21:12:26,H,11.90,61.30
2022-11-25,21:12:36,H,11.90,61.00
2022-11-25,21:12:46,H,11.90,61.20
2022-11-25,21:12:56,H,11.90,61.30
2022-11-25,21:13:06,H,11.90,61.50
2022-11-25,21:13:16,H,11.90,61.50
2022-11-25,21:13:26,H,11.90,61.30
2022-11-25,21:13:36,H,11.90,61.20
2022-11-25,21:13:46,H,11.90,61.20
2022-11-25,21:13:56,H,11.90,61.10
2022-11-25,21:14:06,H,11.90,61.00
2022-11-25,21:14:16,H,11.90,60.80
2022-11-25,21:14:26,H,11.90,60.70
2022-11-25,21:14:36,H,11.80,60.70
2022-11-25,21:14:46,H,11.80,61.20
2022-11-25,21:14:56,H,11.80,61.50
2022-11-25,21:15:06,H,11.80,61.50
2022-11-25,21:15:16,H,11.80,61.10
2022-11-25,21:15:26,H,11.80,61.20
2022-11-25,21:15:36,H,11.80,61.30
2022-11-25,21:15:46,H,11.80,61.20
2022-11-25,21:15:56,H,11.80,61.50
2022-11-25,21:16:06,H,11.80,61.60
2022-11-25,21:16:16,H,11.80,61.60
2022-11-25,21:16:26,H,11.80,61.60
2022-11-25,21:16:36,H,11.80,61.60
2022-11-25,21:16:46,H,11.80,61.70
2022-11-25,21:16:56,H,11.80,61.80
2022-11-25,21:17:06,H,11.80,61.80
2022-11-25,21:17:16,H,11.80,61.90
2022-11-25,21:17:26,H,11.80,61.90
2022-11-25,21:17:36,H,11.80,61.90
2022-11-25,21:17:46,H,11.80,61.90
2022-11-25,21:17:56,H,11.80,61.90
2022-11-25,21:18:06,H,11.80,62.00
2022-11-25,21:18:16,H,11.80,62.00
2022-11-25,21:18:26,H,11.80,62.00
2022-11-25,21:18:36,H,11.80,62.00
2022-11-25,21:18:46,H,11.80,62.00
2022-11-25,21:18:56,H,11.80,62.00
2022-11-25,21:19:06,H,11.80,62.00
2022-11-25,21:19:16,H,11.80,62.00
2022-11-25,21:19:26,H,11.80,62.10
2022-11-25,21:19:36,H,11.80,62.10
2022-11-25,21:19:46,H,11.80,62.00
2022-11-25,21:19:56,H,11.80,62.00
2022-11-25,21:20:06,H,11.80,62.00
2022-11-25,21:20:16,H,11.80,62.00
2022-11-25,21:20:26,H,11.80,62.00
2022-11-25,21:20:36,H,11.80,62.00
2022-11-25,21:20:46,H,11.80,62.00
2022-11-25,21:20:56,H,11.80,62.00
2022-11-25,21:21:06,H,11.80,62.10
2022-11-25,21:21:16,H,11.80,62.10
2022-11-25,21:21:26,H,11.80,62.20
2022-11-25,21:21:36,H,11.80,62.10
2022-11-25,21:21:46,H,11.80,62.20
2022-11-25,21:21:56,H,11.70,62.20
2022-11-25,21:22:06,H,11.70,62.20
2022-11-25,21:22:16,H,11.70,62.20
2022-11-25,21:22:26,H,11.70,62.30
2022-11-25,21:22:36,H,11.70,62.30
2022-11-25,21:22:46,H,11.70,62.20
2022-11-25,21:22:56,H,11.70,62.20
2022-11-25,21:23:06,H,11.70,62.20
2022-11-25,21:23:16,H,11.70,62.20
2022-11-25,21:23:26,H,11.70,62.20
2022-11-25,21:23:36,H,11.70,62.30
2022-11-25,21:23:46,H,11.70,62.20
2022-11-25,21:23:56,H,11.70,62.20
2022-11-25,21:24:06,H,11.70,62.20
2022-11-25,21:24:16,H,11.70,62.30
2022-11-25,21:24:26,H,11.70,62.30
2022-11-25,21:24:36,H,11.70,62.30
2022-11-25,21:24:46,H,11.70,62.20
2022-11-25,21:24:56,H,11.70,62.10
2022-11-25,21:25:06,H,11.70,62.20
2022-11-25,21:25:16,H,11.70,62.20
2022-11-25,21:25:26,H,11.70,62.20
2022-11-25,21:25:36,H,11.70,62.20
2022-11-25,21:25:46,H,11.70,62.20
2022-11-25,21:25:56,H,11.70,62.10
2022-11-25,21:26:06,H,11.70,62.10
2022-11-25,21:26:16,H,11.70,62.10
2022-11-25,21:26:26,H,11.70,62.10
2022-11-25,21:26:36,H,11.70,62.10
2022-11-25,21:26:46,H,11.70,62.10
2022-11-25,21:26:56,H,11.70,62.20
2022-11-25,21:27:06,H,11.70,62.10
2022-11-25,21:27:16,H,11.70,62.00
2022-11-25,21:27:26,H,11.70,62.10
2022-11-25,21:27:36,H,11.70,62.10
2022-11-25,21:27:46,H,11.70,62.10
2022-11-25,21:27:56,H,11.70,62.10
2022-11-25,21:28:06,H,11.70,62.10
2022-11-25,21:28:16,H,11.70,62.10
2022-11-25,21:28:26,H,11.70,62.10
2022-11-25,21:28:36,H,11.70,62.10
2022-11-25,21:28:46,H,11.70,62.10
2022-11-25,21:28:56,H,11.70,62.00
2022-11-25,21:29:06,H,11.70,61.80
2022-11-25,21:29:16,H,11.70,61.60
2022-11-25,21:29:26,H,11.70,61.50
2022-11-25,21:29:36,H,11.70,61.40
2022-11-25,21:29:46,H,11.70,61.40
2022-11-25,21:29:56,H,11.70,61.40
2022-11-25,21:30:06,H,11.70,61.50
2022-11-25,21:30:16,H,11.70,61.70
2022-11-25,21:30:26,H,11.70,61.90
2022-11-25,21:30:36,H,11.70,61.90
2022-11-25,21:30:46,H,11.70,62.00
2022-11-25,21:30:56,H,11.70,62.00
2022-11-25,21:31:06,H,11.70,62.10
2022-11-25,21:31:16,H,11.70,62.10
2022-11-25,21:31:26,H,11.70,62.00
2022-11-25,21:31:36,H,11.70,62.00
2022-11-25,21:31:46,H,11.70,62.00
2022-11-25,21:31:56,H,11.70,62.00
2022-11-25,21:32:06,H,11.70,62.00
2022-11-25,21:32:16,H,11.70,62.00
2022-11-25,21:32:26,H,11.70,62.00
2022-11-25,21:32:36,H,11.70,62.00
2022-11-25,21:32:46,H,11.70,62.10
2022-11-25,21:32:56,H,11.70,62.10
2022-11-25,21:33:06,H,11.70,62.10
2022-11-25,21:33:16,H,11.70,62.10
2022-11-25,21:33:26,H,11.70,62.10
2022-11-25,21:33:36,H,11.70,62.10
2022-11-25,21:33:46,H,11.70,62.10
2022-11-25,21:33:56,H,11.70,62.10
2022-11-25,21:34:06,H,11.70,62.10
2022-11-25,21:34:16,H,11.70,62.10
2022-11-25,21:34:26,H,11.70,62.10
2022-11-25,21:34:36,H,11.70,62.00
2022-11-25,21:34:46,H,11.70,61.90
2022-11-25,21:34:56,H,11.70,61.90
2022-11-25,21:35:06,H,11.70,61.80
2022-11-25,21:35:16,H,11.70,61.90
2022-11-25,21:35:26,H,11.70,61.90
2022-11-25,21:35:36,H,11.70,62.00
2022-11-25,21:35:46,H,11.70,62.00
2022-11-25,21:35:56,H,11.70,62.10
2022-11-25,21:36:06,H,11.70,62.00
2022-11-25,21:36:16,H,11.70,62.00
2022-11-25,21:36:26,H,11.70,62.00
2022-11-25,21:36:36,H,11.70,62.00
2022-11-25,21:36:46,H,11.70,62.10
2022-11-25,21:36:56,H,11.70,62.10
2022-11-25,21:37:06,H,11.70,62.10
2022-11-25,21:37:16,H,11.70,62.10
2022-11-25,21:37:26,H,11.70,62.10
2022-11-25,21:37:36,H,11.70,62.20
2022-11-25,21:37:46,H,11.70,62.10
2022-11-25,21:37:56,H,11.70,62.10
2022-11-25,21:38:06,H,11.70,62.10
2022-11-25,21:38:16,H,11.70,62.00
2022-11-25,21:38:26,H,11.70,62.00
2022-11-25,21:38:36,H,11.70,62.00
2022-11-25,21:38:46,H,11.70,62.00
2022-11-25,21:38:56,H,11.70,62.10
2022-11-25,21:39:06,H,11.70,62.10
2022-11-25,21:39:16,H,11.70,62.10
2022-11-25,21:39:26,H,11.70,62.10
2022-11-25,21:39:36,H,11.70,62.00
2022-11-25,21:39:46,H,11.70,61.90
2022-11-25,21:39:56,H,11.70,61.80
2022-11-25,21:40:06,H,11.70,61.80
2022-11-25,21:40:16,H,11.70,61.80
2022-11-25,21:40:26,H,11.70,61.80
2022-11-25,21:40:36,H,11.70,61.80
2022-11-25,21:40:46,H,11.70,61.80
2022-11-25,21:40:56,H,11.70,61.70
2022-11-25,21:41:06,H,11.70,61.70
2022-11-25,21:41:16,H,11.70,61.60
2022-11-25,21:41:26,H,11.70,61.60
2022-11-25,21:41:36,H,11.70,61.60
2022-11-25,21:41:46,H,11.70,61.60
2022-11-25,21:41:56,H,11.70,61.60
2022-11-25,21:42:06,H,11.70,61.60
2022-11-25,21:42:16,H,11.70,61.70
2022-11-25,21:42:26,H,11.70,61.60
2022-11-25,21:42:36,H,11.70,61.60
2022-11-25,21:42:46,H,11.70,61.50
2022-11-25,21:42:56,H,11.70,61.50
2022-11-25,21:43:06,H,11.70,61.50
2022-11-25,21:43:16,H,11.70,61.60
2022-11-25,21:43:26,H,11.70,61.60
2022-11-25,21:43:36,H,11.70,61.60
2022-11-25,21:43:46,H,11.70,61.60
2022-11-25,21:43:56,H,11.70,61.60
2022-11-25,21:44:06,H,11.70,61.50
2022-11-25,21:44:16,H,11.70,61.50
2022-11-25,21:44:26,H,11.70,61.50
2022-11-25,21:44:36,H,11.70,61.50
2022-11-25,21:44:46,H,11.70,61.50
2022-11-25,21:44:56,H,11.70,61.50
2022-11-25,21:45:06,H,11.70,61.40
2022-11-25,21:45:16,H,11.70,61.40
2022-11-25,21:45:26,H,11.70,61.30
2022-11-25,21:45:36,H,11.70,61.30
2022-11-25,21:45:46,H,11.70,61.30
2022-11-25,21:45:56,H,11.70,61.30
2022-11-25,21:46:06,H,11.70,61.30
2022-11-25,21:46:16,H,11.70,61.30
2022-11-25,21:46:26,H,11.70,61.30
2022-11-25,21:46:36,H,11.70,61.20
2022-11-25,21:46:46,H,11.70,61.20
2022-11-25,21:46:56,H,11.70,61.10
2022-11-25,21:47:06,H,11.70,61.00
2022-11-25,21:47:16,H,11.70,61.00
2022-11-25,21:47:26,H,11.70,61.00
2022-11-25,21:47:36,H,11.70,61.00
2022-11-25,21:47:46,H,11.70,61.00
2022-11-25,21:47:56,H,11.70,61.10
2022-11-25,21:48:06,H,11.70,61.20
2022-11-25,21:48:16,H,11.70,61.20
2022-11-25,21:48:26,H,11.70,61.00
2022-11-25,21:48:36,H,11.70,61.10
2022-11-25,21:48:46,H,11.70,61.10
2022-11-25,21:48:56,H,11.70,61.10
2022-11-25,21:49:06,H,11.70,61.10
2022-11-25,21:49:16,H,11.70,61.10
2022-11-25,21:49:26,H,11.70,61.10
2022-11-25,21:49:36,H,11.70,61.00
2022-11-25,21:49:46,H,11.70,61.00
2022-11-25,21:49:56,H,11.60,61.10
2022-11-25,21:50:06,H,11.60,61.10
2022-11-25,21:50:16,H,11.60,61.20
2022-11-25,21:50:26,H,11.70,61.20
2022-11-25,21:50:36,H,11.60,61.20
2022-11-25,21:50:46,H,11.70,61.20
2022-11-25,21:50:56,H,11.70,61.30
2022-11-25,21:51:06,H,11.70,61.30
2022-11-25,21:51:16,H,11.70,61.40
2022-11-25,21:51:26,H,11.70,61.40
2022-11-25,21:51:36,H,11.70,61.20
2022-11-25,21:51:46,H,11.70,61.00
2022-11-25,21:51:56,H,11.70,60.60
2022-11-25,21:52:06,H,11.60,60.60
2022-11-25,21:52:16,H,11.70,60.90
2022-11-25,21:52:26,H,11.70,61.10
2022-11-25,21:52:36,H,11.70,61.30
2022-11-25,21:52:46,H,11.70,61.30
2022-11-25,21:52:56,H,11.70,61.30
2022-11-25,21:53:06,H,11.70,61.30
2022-11-25,21:53:16,H,11.70,61.40
2022-11-25,21:53:26,H,11.70,61.40
2022-11-25,21:53:36,H,11.60,61.40
2022-11-25,21:53:46,H,11.70,61.40
2022-11-25,21:53:56,H,11.70,61.40
2022-11-25,21:54:06,H,11.70,61.40
2022-11-25,21:54:16,H,11.70,61.40
2022-11-25,21:54:26,H,11.70,61.40
2022-11-25,21:54:36,H,11.70,61.40
2022-11-25,21:54:46,H,11.70,61.40
2022-11-25,21:54:56,H,11.70,61.50
2022-11-25,21:55:06,H,11.70,61.50
2022-11-25,21:55:16,H,11.70,61.50
2022-11-25,21:55:26,H,11.70,61.40
2022-11-25,21:55:36,H,11.70,61.30
2022-11-25,21:55:46,H,11.70,61.20
2022-11-25,21:55:56,H,11.70,61.20
2022-11-25,21:56:06,H,11.70,61.20
2022-11-25,21:56:16,H,11.70,61.20
2022-11-25,21:56:26,H,11.70,61.20
2022-11-25,21:56:36,H,11.70,61.20
2022-11-25,21:56:46,H,11.70,61.10
2022-11-25,21:56:56,H,11.60,61.10
2022-11-25,21:57:06,H,11.70,61.10
2022-11-25,21:57:16,H,11.60,61.10
2022-11-25,21:57:26,H,11.60,61.10
2022-11-25,21:57:36,H,11.60,61.10
2022-11-25,21:57:46,H,11.60,61.10
2022-11-25,21:57:56,H,11.60,61.10
2022-11-25,21:58:06,H,11.60,61.10
2022-11-25,21:58:16,H,11.60,61.10
2022-11-25,21:58:26,H,11.60,61.20
2022-11-25,21:58:36,H,11.60,61.20
2022-11-25,21:58:46,H,11.60,61.20
2022-11-25,21:58:56,H,11.60,61.20
2022-11-25,21:59:06,H,11.60,61.20
2022-11-25,21:59:16,H,11.60,61.20
2022-11-25,21:59:26,H,11.60,61.10
2022-11-25,21:59:36,H,11.60,61.20
2022-11-25,21:59:46,H,11.60,61.20
2022-11-25,21:59:56,H,11.60,61.20
2022-11-25,22:00:06,H,11.60,61.20
2022-11-25,22:00:16,H,11.60,61.20
2022-11-25,22:00:26,H,11.60,61.20
2022-11-25,22:00:36,H,11.60,61.30
2022-11-25,22:00:46,H,11.60,61.20
2022-11-25,22:00:56,H,11.60,61.30
2022-11-25,22:01:06,H,11.60,61.30
2022-11-25,22:01:16,H,11.60,61.30
2022-11-25,22:01:26,H,11.60,61.30
2022-11-25,22:01:36,H,11.60,61.20
2022-11-25,22:01:46,H,11.60,61.20
2022-11-25,22:01:56,H,11.60,61.20
2022-11-25,22:02:06,H,11.60,61.30
2022-11-25,22:02:16,H,11.60,61.30
2022-11-25,22:02:26,H,11.60,61.30
2022-11-25,22:02:36,H,11.60,61.30
2022-11-25,22:02:46,H,11.60,61.30
2022-11-25,22:02:56,H,11.60,61.30
2022-11-25,22:03:06,H,11.60,61.30
2022-11-25,22:03:16,H,11.60,61.20
2022-11-25,22:03:26,H,11.60,61.20
2022-11-25,22:03:36,H,11.60,61.20
2022-11-25,22:03:46,H,11.60,61.20
2022-11-25,22:03:56,H,11.60,61.20
2022-11-25,22:04:06,H,11.60,61.10
2022-11-25,22:04:16,H,11.60,61.10
2022-11-25,22:04:26,H,11.60,61.20
2022-11-25,22:04:36,H,11.60,61.10
2022-11-25,22:04:46,H,11.60,61.00
2022-11-25,22:04:56,H,11.60,60.90
2022-11-25,22:05:06,H,11.60,61.00
2022-11-25,22:05:16,H,11.60,61.00
2022-11-25,22:05:26,H,11.60,61.00
2022-11-25,22:05:36,H,11.60,61.00
2022-11-25,22:05:46,H,11.60,61.10
2022-11-25,22:05:56,H,11.60,61.10
2022-11-25,22:06:06,H,11.60,61.10
2022-11-25,22:06:16,H,11.60,61.10
2022-11-25,22:06:26,H,11.60,61.00
2022-11-25,22:06:46,H,11.60,61.10
2022-11-25,22:06:56,H,11.60,61.00
2022-11-25,22:07:06,H,11.60,61.00
2022-11-25,22:07:16,H,11.60,61.00
2022-11-25,22:07:26,H,11.60,61.00
2022-11-25,22:07:36,H,11.60,61.00
2022-11-25,22:07:46,H,11.60,61.10
2022-11-25,22:07:56,H,11.60,61.10
2022-11-25,22:08:06,H,11.60,61.10
2022-11-25,22:08:16,H,11.60,61.00
2022-11-25,22:08:26,H,11.60,60.90
2022-11-25,22:08:36,H,11.60,60.80
2022-11-25,22:08:46,H,11.60,60.70
2022-11-25,22:08:56,H,11.60,60.50
2022-11-25,22:09:06,H,11.60,60.60
2022-11-25,22:09:16,H,11.60,60.50
2022-11-25,22:09:26,H,11.60,60.50
2022-11-25,22:09:36,H,11.60,60.70
2022-11-25,22:09:46,H,11.60,60.90
2022-11-25,22:09:56,H,11.60,61.10
2022-11-25,22:10:06,H,11.60,61.20
2022-11-25,22:10:16,H,11.60,61.20
2022-11-25,22:10:26,H,11.60,61.20
2022-11-25,22:10:36,H,11.60,61.20
2022-11-25,22:10:46,H,11.60,61.20
2022-11-25,22:10:56,H,11.60,61.20
2022-11-25,22:11:06,H,11.60,61.20
2022-11-25,22:11:16,H,11.60,61.20
2022-11-25,22:11:26,H,11.60,61.20
2022-11-25,22:11:36,H,11.60,61.20
2022-11-25,22:11:46,H,11.60,61.10
2022-11-25,22:11:56,H,11.60,61.10
2022-11-25,22:12:06,H,11.60,61.10
2022-11-25,22:12:16,H,11.60,61.10
2022-11-25,22:12:26,H,11.60,61.10
2022-11-25,22:12:36,H,11.60,61.10
2022-11-25,22:12:46,H,11.60,61.10
2022-11-25,22:12:56,H,11.60,61.10
2022-11-25,22:13:06,H,11.60,61.10
2022-11-25,22:13:16,H,11.60,61.10
2022-11-25,22:13:26,H,11.60,61.10
2022-11-25,22:13:36,H,11.60,61.10
2022-11-25,22:13:46,H,11.60,61.10
2022-11-25,22:13:56,H,11.60,61.10
2022-11-25,22:14:06,H,11.60,61.10
2022-11-25,22:14:16,H,11.60,61.10
2022-11-25,22:14:26,H,11.60,61.10
2022-11-25,22:14:36,H,11.60,61.10
2022-11-25,22:14:46,H,11.60,61.10
2022-11-25,22:14:56,H,11.60,61.10
2022-11-25,22:15:06,H,11.60,61.10
2022-11-25,22:15:16,H,11.60,61.10
2022-11-25,22:15:26,H,11.60,61.10
2022-11-25,22:15:36,H,11.60,61.10
2022-11-25,22:15:46,H,11.60,61.00
2022-11-25,22:15:56,H,11.60,61.00
2022-11-25,22:16:06,H,11.60,61.00
2022-11-25,22:16:16,H,11.60,61.00
2022-11-25,22:16:26,H,11.60,61.10
2022-11-25,22:16:36,H,11.60,61.00
2022-11-25,22:16:46,H,11.60,61.00
2022-11-25,22:16:56,H,11.60,61.00
2022-11-25,22:17:06,H,11.60,61.00
2022-11-25,22:17:16,H,11.60,61.00
2022-11-25,22:17:26,H,11.60,61.00
2022-11-25,22:17:36,H,11.60,61.00
2022-11-25,22:17:46,H,11.60,60.90
2022-11-25,22:17:56,H,11.60,60.90
2022-11-25,22:18:06,H,11.60,61.00
2022-11-25,22:18:16,H,11.60,61.00
2022-11-25,22:18:26,H,11.60,61.00
2022-11-25,22:18:36,H,11.60,61.00
2022-11-25,22:18:46,H,11.60,61.00
2022-11-25,22:18:56,H,11.60,61.00
2022-11-25,22:19:06,H,11.60,61.00
2022-11-25,22:19:26,H,11.60,61.00
2022-11-25,22:19:36,H,11.60,61.00
2022-11-25,22:19:46,H,11.60,61.00
2022-11-25,22:19:56,H,11.60,60.90
2022-11-25,22:20:06,H,11.60,61.00
2022-11-25,22:20:16,H,11.60,61.00
2022-11-25,22:20:26,H,11.60,61.00
2022-11-25,22:20:36,H,11.60,61.10
2022-11-25,22:20:46,H,11.60,61.00
2022-11-25,22:20:56,H,11.60,61.00
2022-11-25,22:21:06,H,11.60,61.00
2022-11-25,22:21:16,H,11.60,61.00
2022-11-25,22:21:26,H,11.60,60.90
2022-11-25,22:21:36,H,11.60,60.90
2022-11-25,22:21:46,H,11.60,60.90
2022-11-25,22:21:56,H,11.60,60.90
2022-11-25,22:22:06,H,11.60,60.90
2022-11-25,22:22:16,H,11.60,60.90
2022-11-25,22:22:26,H,11.60,60.80
2022-11-25,22:22:36,H,11.60,60.80
2022-11-25,22:22:46,H,11.60,60.90
2022-11-25,22:22:56,H,11.60,60.90
2022-11-25,22:23:06,H,11.60,60.90
2022-11-25,22:23:16,H,11.60,60.90
2022-11-25,22:23:26,H,11.50,60.90
2022-11-25,22:23:36,H,11.60,60.80
2022-11-25,22:23:46,H,11.60,60.80
2022-11-25,22:23:56,H,11.60,60.90
2022-11-25,22:24:06,H,11.60,60.90
2022-11-25,22:24:16,H,11.60,60.90
2022-11-25,22:24:26,H,11.50,60.90
2022-11-25,22:24:36,H,11.60,60.90
2022-11-25,22:24:46,H,11.50,61.00
2022-11-25,22:24:56,H,11.60,61.00
2022-11-25,22:25:06,H,11.60,61.00
2022-11-25,22:25:16,H,11.60,61.00
2022-11-25,22:25:26,H,11.50,60.90
2022-11-25,22:25:36,H,11.50,61.00
2022-11-25,22:25:46,H,11.50,61.00
2022-11-25,22:25:56,H,11.50,60.90
2022-11-25,22:26:06,H,11.50,61.00
2022-11-25,22:26:16,H,11.50,61.00
2022-11-25,22:26:26,H,11.50,61.00
2022-11-25,22:26:36,H,11.50,61.00
2022-11-25,22:26:46,H,11.50,61.00
2022-11-25,22:26:56,H,11.50,61.00
2022-11-25,22:27:06,H,11.50,61.00
2022-11-25,22:27:16,H,11.50,61.00
2022-11-25,22:27:26,H,11.50,61.00
2022-11-25,22:27:36,H,11.50,61.00
2022-11-25,22:27:46,H,11.50,61.00
2022-11-25,22:27:56,H,11.50,60.90
2022-11-25,22:28:06,H,11.50,61.00
2022-11-25,22:28:16,H,11.50,61.00
2022-11-25,22:28:26,H,11.50,61.00
2022-11-25,22:28:36,H,11.50,61.10
2022-11-25,22:28:46,H,11.50,61.20
2022-11-25,22:28:56,H,11.50,61.20
2022-11-25,22:29:06,H,11.50,61.10
2022-11-25,22:29:16,H,11.50,61.00
2022-11-25,22:29:26,H,11.50,61.00
2022-11-25,22:29:36,H,11.50,60.90
2022-11-25,22:29:46,H,11.50,61.00
2022-11-25,22:29:56,H,11.50,61.00
2022-11-25,22:30:06,H,11.50,61.00
2022-11-25,22:30:16,H,11.50,60.90
2022-11-25,22:30:26,H,11.50,61.00
2022-11-25,22:30:36,H,11.50,60.90
2022-11-25,22:30:46,H,11.50,60.90
2022-11-25,22:30:56,H,11.50,60.90
2022-11-25,22:31:06,H,11.50,60.90
2022-11-25,22:31:16,H,11.50,60.80
2022-11-25,22:31:26,H,11.50,60.70
2022-11-25,22:31:36,H,11.50,60.70
2022-11-25,22:31:46,H,11.50,60.70
2022-11-25,22:31:56,H,11.50,60.70
2022-11-25,22:32:06,H,11.50,60.80
2022-11-25,22:32:16,H,11.50,60.80
2022-11-25,22:32:26,H,11.50,60.80
2022-11-25,22:32:36,H,11.50,60.80
2022-11-25,22:32:46,H,11.50,60.70
2022-11-25,22:32:56,H,11.50,60.80
2022-11-25,22:33:06,H,11.50,60.80
2022-11-25,22:33:16,H,11.50,60.80
2022-11-25,22:33:26,H,11.50,60.80
2022-11-25,22:33:36,H,11.50,60.80
2022-11-25,22:33:46,H,11.50,60.80
2022-11-25,22:33:56,H,11.50,60.90
2022-11-25,22:34:06,H,11.50,60.90
2022-11-25,22:34:16,H,11.50,61.00
2022-11-25,22:34:26,H,11.50,61.00
2022-11-25,22:34:36,H,11.50,61.00
2022-11-25,22:34:46,H,11.50,61.00
2022-11-25,22:34:56,H,11.50,61.00
2022-11-25,22:35:06,H,11.50,61.00
2022-11-25,22:35:16,H,11.50,61.00
2022-11-25,22:35:26,H,11.50,61.10
2022-11-25,22:35:36,H,11.50,61.10
2022-11-25,22:35:46,H,11.50,61.10
2022-11-25,22:35:56,H,11.50,61.10
2022-11-25,22:36:06,H,11.50,61.10
2022-11-25,22:36:16,H,11.50,61.10
2022-11-25,22:36:26,H,11.50,61.10
2022-11-25,22:36:36,H,11.50,61.10
2022-11-25,22:36:46,H,11.50,61.20
2022-11-25,22:36:56,H,11.50,61.20
2022-11-25,22:37:06,H,11.50,61.20
2022-11-25,22:37:16,H,11.50,61.20
2022-11-25,22:37:26,H,11.50,61.10
2022-11-25,22:37:36,H,11.50,61.10
2022-11-25,22:37:46,H,11.50,61.10
2022-11-25,22:37:56,H,11.50,61.10
2022-11-25,22:38:06,H,11.50,61.10
2022-11-25,22:38:16,H,11.50,61.20
2022-11-25,22:38:26,H,11.50,61.10
2022-11-25,22:38:36,H,11.50,60.90
2022-11-25,22:38:46,H,11.50,61.00
2022-11-25,22:38:56,H,11.50,60.90
2022-11-25,22:39:06,H,11.50,61.00
2022-11-25,22:39:16,H,11.40,61.00
2022-11-25,22:39:26,H,11.50,61.00
2022-11-25,22:39:36,H,11.40,61.00
2022-11-25,22:39:46,H,11.50,61.00
2022-11-25,22:39:56,H,11.40,61.10
2022-11-25,22:40:06,H,11.40,61.30
2022-11-25,22:40:16,H,11.50,61.30
2022-11-25,22:40:26,H,11.50,61.30
2022-11-25,22:40:36,H,11.40,61.30
2022-11-25,22:40:46,H,11.40,61.30
2022-11-25,22:40:56,H,11.40,61.30
2022-11-25,22:41:06,H,11.40,61.40
2022-11-25,22:41:16,H,11.40,61.40
2022-11-25,22:41:26,H,11.50,61.40
2022-11-25,22:41:36,H,11.40,61.30
2022-11-25,22:41:46,H,11.40,61.30
2022-11-25,22:41:56,H,11.40,61.30
2022-11-25,22:42:06,H,11.40,61.30
2022-11-25,22:42:16,H,11.40,61.30
2022-11-25,22:42:26,H,11.40,61.30
2022-11-25,22:42:36,H,11.40,61.10
2022-11-25,22:42:46,H,11.40,61.10
2022-11-25,22:42:56,H,11.40,61.20
2022-11-25,22:43:06,H,11.40,61.30
2022-11-25,22:43:16,H,11.40,61.40
2022-11-25,22:43:26,H,11.40,61.40
2022-11-25,22:43:36,H,11.50,61.40
2022-11-25,22:43:46,H,11.40,61.40
2022-11-25,22:43:56,H,11.40,61.40
2022-11-25,22:44:06,H,11.40,61.40
2022-11-25,22:44:16,H,11.50,61.40
2022-11-25,22:44:26,H,11.40,61.50
2022-11-25,22:44:36,H,11.40,61.50
2022-11-25,22:44:46,H,11.40,61.50
2022-11-25,22:44:56,H,11.40,61.50
2022-11-25,22:45:06,H,11.40,61.50
2022-11-25,22:45:16,H,11.40,61.50
2022-11-25,22:45:26,H,11.40,61.40
2022-11-25,22:45:36,H,11.40,61.40
2022-11-25,22:45:46,H,11.40,61.40
2022-11-25,22:45:56,H,11.40,61.40
2022-11-25,22:46:06,H,11.40,61.40
2022-11-25,22:46:16,H,11.40,61.40
2022-11-25,22:46:26,H,11.40,61.40
2022-11-25,22:46:36,H,11.40,61.40
2022-11-25,22:46:46,H,11.40,61.40
2022-11-25,22:46:56,H,11.40,61.40
2022-11-25,22:47:06,H,11.40,61.50
2022-11-25,22:47:16,H,11.40,61.50
2022-11-25,22:47:26,H,11.40,61.60
2022-11-25,22:47:36,H,11.40,61.60
2022-11-25,22:47:46,H,11.40,61.60
2022-11-25,22:47:56,H,11.40,61.60
2022-11-25,22:48:06,H,11.40,61.60
2022-11-25,22:48:16,H,11.40,61.60
2022-11-25,22:48:26,H,11.40,61.60
2022-11-25,22:48:36,H,11.40,61.60
2022-11-25,22:48:46,H,11.40,61.60
2022-11-25,22:48:56,H,11.40,61.60
2022-11-25,22:49:06,H,11.40,61.70
2022-11-25,22:49:16,H,11.40,61.70
2022-11-25,22:49:26,H,11.40,61.70
2022-11-25,22:49:36,H,11.40,61.60
2022-11-25,22:49:46,H,11.40,61.60
2022-11-25,22:49:56,H,11.40,61.50
2022-11-25,22:50:06,H,11.40,61.40
2022-11-25,22:50:16,H,11.40,61.50
2022-11-25,22:50:26,H,11.40,61.50
2022-11-25,22:50:36,H,11.40,61.50
2022-11-25,22:50:46,H,11.40,61.60
2022-11-25,22:50:56,H,11.40,61.60
2022-11-25,22:51:06,H,11.40,61.70
2022-11-25,22:51:16,H,11.40,61.70
2022-11-25,22:51:26,H,11.40,61.70
2022-11-25,22:51:36,H,11.40,61.80
2022-11-25,22:51:46,H,11.40,61.80
2022-11-25,22:51:56,H,11.40,61.80
2022-11-25,22:52:06,H,11.40,61.80
2022-11-25,22:52:16,H,11.40,61.90
2022-11-25,22:52:26,H,11.40,61.80
2022-11-25,22:52:36,H,11.40,61.80
2022-11-25,22:52:46,H,11.40,61.80
2022-11-25,22:52:56,H,11.40,61.60
2022-11-25,22:53:06,H,11.40,61.60
2022-11-25,22:53:16,H,11.40,61.60
2022-11-25,22:53:26,H,11.40,61.60
2022-11-25,22:53:36,H,11.40,61.70
2022-11-25,22:53:46,H,11.40,61.70
2022-11-25,22:53:56,H,11.40,61.70
2022-11-25,22:54:06,H,11.40,61.80
2022-11-25,22:54:16,H,11.40,61.80
2022-11-25,22:54:26,H,11.40,61.80
2022-11-25,22:54:36,H,11.40,61.80
2022-11-25,22:54:46,H,11.40,61.80
2022-11-25,22:54:56,H,11.40,61.80
2022-11-25,22:55:06,H,11.40,61.80
2022-11-25,22:55:16,H,11.40,61.80
2022-11-25,22:55:26,H,11.40,61.80
2022-11-25,22:55:36,H,11.40,61.80
2022-11-25,22:55:46,H,11.40,61.80
2022-11-25,22:55:56,H,11.40,61.90
2022-11-25,22:56:06,H,11.40,61.90
2022-11-25,22:56:16,H,11.40,61.90
2022-11-25,22:56:26,H,11.40,61.80
2022-11-25,22:56:36,H,11.40,61.80
2022-11-25,22:56:46,H,11.40,61.80
2022-11-25,22:56:56,H,11.40,61.80
2022-11-25,22:57:16,H,11.40,61.80
2022-11-25,22:57:26,H,11.40,61.80
2022-11-25,22:57:36,H,11.40,61.80
2022-11-25,22:57:46,H,11.40,61.80
2022-11-25,22:57:56,H,11.40,61.80
2022-11-25,22:58:06,H,11.40,61.80
2022-11-25,22:58:16,H,11.40,61.80
2022-11-25,22:58:26,H,11.40,61.80
2022-11-25,22:58:36,H,11.40,61.80
2022-11-25,22:58:46,H,11.40,61.80
2022-11-25,22:58:56,H,11.40,61.80
2022-11-25,22:59:06,H,11.40,61.80
2022-11-25,22:59:16,H,11.40,61.80
2022-11-25,22:59:26,H,11.40,61.80
2022-11-25,22:59:36,H,11.40,61.80
2022-11-25,22:59:46,H,11.40,61.90
2022-11-25,22:59:56,H,11.40,61.90
2022-11-25,23:00:06,H,11.40,61.90
2022-11-25,23:00:16,H,11.40,61.80
2022-11-25,23:00:26,H,11.40,61.80
2022-11-25,23:00:36,H,11.40,61.80
2022-11-25,23:00:46,H,11.40,61.80
2022-11-25,23:00:56,H,11.40,61.80
2022-11-25,23:01:06,H,11.40,61.90
2022-11-25,23:01:16,H,11.40,61.80
2022-11-25,23:01:26,H,11.40,61.80
2022-11-25,23:01:36,H,11.40,61.80
2022-11-25,23:01:46,H,11.40,61.80
2022-11-25,23:01:56,H,11.40,61.80
2022-11-25,23:02:06,H,11.40,61.90
2022-11-25,23:02:16,H,11.40,61.90
2022-11-25,23:02:26,H,11.40,61.90
2022-11-25,23:02:36,H,11.40,61.90
2022-11-25,23:02:46,H,11.40,61.90
2022-11-25,23:02:56,H,11.40,61.90
2022-11-25,23:03:06,H,11.40,62.00
2022-11-25,23:03:16,H,11.40,62.00
2022-11-25,23:03:26,H,11.40,62.10
2022-11-25,23:03:36,H,11.30,62.10
2022-11-25,23:03:46,H,11.40,62.10
2022-11-25,23:03:56,H,11.40,62.20
2022-11-25,23:04:06,H,11.30,62.10
2022-11-25,23:04:16,H,11.30,62.00
2022-11-25,23:04:26,H,11.30,62.00
2022-11-25,23:04:36,H,11.30,62.00
2022-11-25,23:04:46,H,11.30,61.90
2022-11-25,23:04:56,H,11.30,61.90
2022-11-25,23:05:06,H,11.30,61.80
2022-11-25,23:05:16,H,11.30,61.80
2022-11-25,23:05:26,H,11.30,61.80
2022-11-25,23:05:36,H,11.30,61.80
2022-11-25,23:05:46,H,11.30,61.90
2022-11-25,23:05:56,H,11.30,62.00
2022-11-25,23:06:06,H,11.30,62.10
2022-11-25,23:06:16,H,11.30,62.10
2022-11-25,23:06:26,H,11.30,62.10
2022-11-25,23:06:36,H,11.30,62.10
2022-11-25,23:06:46,H,11.30,62.10
2022-11-25,23:06:56,H,11.30,62.10
2022-11-25,23:07:06,H,11.30,62.10
2022-11-25,23:07:16,H,11.30,62.10
2022-11-25,23:07:26,H,11.20,62.10
2022-11-25,23:07:36,H,11.30,62.10
2022-11-25,23:07:46,H,11.30,62.10
2022-11-25,23:07:56,H,11.30,62.10
2022-11-25,23:08:06,H,11.20,62.10
2022-11-25,23:08:16,H,11.20,62.10
2022-11-25,23:08:26,H,11.20,62.10
2022-11-25,23:08:36,H,11.20,62.00
2022-11-25,23:08:46,H,11.20,61.90
2022-11-25,23:08:56,H,11.20,61.90
2022-11-25,23:09:06,H,11.20,61.90
2022-11-25,23:09:26,H,11.20,61.90
2022-11-25,23:09:36,H,11.20,62.00
2022-11-25,23:09:46,H,11.20,62.00
2022-11-25,23:09:56,H,11.20,62.00
2022-11-25,23:10:06,H,11.20,62.00
2022-11-25,23:10:16,H,11.20,62.10
2022-11-25,23:10:26,H,11.20,62.10
2022-11-25,23:10:36,H,11.20,62.10
2022-11-25,23:10:46,H,11.20,62.20
2022-11-25,23:10:56,H,11.20,62.20
2022-11-25,23:11:06,H,11.20,62.10
2022-11-25,23:11:16,H,11.20,62.10
2022-11-25,23:11:26,H,11.20,62.10
2022-11-25,23:11:36,H,11.20,62.10
2022-11-25,23:11:46,H,11.20,62.10
2022-11-25,23:11:56,H,11.20,62.00
2022-11-25,23:12:06,H,11.20,62.00
2022-11-25,23:12:16,H,11.20,61.90
2022-11-25,23:12:26,H,11.20,61.80
2022-11-25,23:12:36,H,11.20,61.60
2022-11-25,23:12:46,H,11.20,61.30
2022-11-25,23:12:56,H,11.20,61.20
2022-11-25,23:13:06,H,11.20,61.10
2022-11-25,23:13:16,H,11.20,61.10
2022-11-25,23:13:26,H,11.20,61.10
2022-11-25,23:13:36,H,11.10,61.10
2022-11-25,23:13:46,H,11.10,61.20
2022-11-25,23:13:56,H,11.10,61.30
2022-11-25,23:14:06,H,11.10,61.50
2022-11-25,23:14:16,H,11.10,61.60
2022-11-25,23:14:26,H,11.10,61.40
2022-11-25,23:14:36,H,11.10,61.60
2022-11-25,23:14:46,H,11.10,61.70
2022-11-25,23:14:56,H,11.10,61.70
2022-11-25,23:15:06,H,11.10,61.70
2022-11-25,23:15:16,H,11.10,61.80
2022-11-25,23:15:26,H,11.10,61.90
2022-11-25,23:15:36,H,11.10,61.90
2022-11-25,23:15:46,H,11.10,61.80
2022-11-25,23:15:56,H,11.10,61.60
2022-11-25,23:16:06,H,11.10,61.50
2022-11-25,23:16:16,H,11.10,61.30
2022-11-25,23:16:26,H,11.10,61.30
2022-11-25,23:16:46,H,11.10,61.50
2022-11-25,23:16:56,H,11.10,61.70
2022-11-25,23:17:06,H,11.10,61.80
2022-11-25,23:17:16,H,11.10,61.90
2022-11-25,23:17:26,H,11.10,61.90
2022-11-25,23:17:36,H,11.10,61.90
2022-11-25,23:17:46,H,11.10,62.00
2022-11-25,23:17:56,H,11.10,62.10
2022-11-25,23:18:06,H,11.10,62.10
2022-11-25,23:18:16,H,11.10,62.10
2022-11-25,23:18:26,H,11.10,62.00
2022-11-25,23:18:36,H,11.10,62.00
2022-11-25,23:18:46,H,11.10,62.00
2022-11-25,23:18:56,H,11.10,62.00
2022-11-25,23:19:06,H,11.10,62.00
2022-11-25,23:19:16,H,11.10,62.00
2022-11-25,23:19:26,H,11.10,62.00
2022-11-25,23:19:36,H,11.10,62.00
2022-11-25,23:19:46,H,11.10,62.00
2022-11-25,23:19:56,H,11.10,62.00
2022-11-25,23:20:06,H,11.10,62.00
2022-11-25,23:20:16,H,11.10,62.00
2022-11-25,23:20:26,H,11.10,62.00
2022-11-25,23:20:36,H,11.10,62.00
2022-11-25,23:20:46,H,11.10,62.00
2022-11-25,23:20:56,H,11.10,62.00
2022-11-25,23:21:06,H,11.10,62.00
2022-11-25,23:21:16,H,11.10,62.00
2022-11-25,23:21:26,H,11.10,62.00
2022-11-25,23:21:36,H,11.10,62.00
2022-11-25,23:21:46,H,11.10,62.00
2022-11-25,23:21:56,H,11.10,62.00
2022-11-25,23:22:06,H,11.10,62.00
2022-11-25,23:22:16,H,11.10,62.10
2022-11-25,23:22:26,H,11.10,62.10
2022-11-25,23:22:36,H,11.10,62.20
2022-11-25,23:22:46,H,11.10,62.20
2022-11-25,23:22:56,H,11.10,62.20
2022-11-25,23:23:06,H,11.10,62.20
2022-11-25,23:23:16,H,11.10,62.20
2022-11-25,23:23:26,H,11.10,62.20
2022-11-25,23:23:36,H,11.10,62.20
2022-11-25,23:23:46,H,11.10,62.20
2022-11-25,23:23:56,H,11.10,62.20
2022-11-25,23:24:06,H,11.10,62.20
2022-11-25,23:24:16,H,11.10,62.20
2022-11-25,23:24:26,H,11.10,62.20
2022-11-25,23:24:36,H,11.00,62.20
2022-11-25,23:24:46,H,11.00,62.20
2022-11-25,23:24:56,H,11.00,62.10
2022-11-25,23:25:06,H,11.00,61.90
2022-11-25,23:25:16,H,11.00,61.80
2022-11-25,23:25:26,H,11.00,61.70
2022-11-25,23:25:36,H,11.00,61.60
2022-11-25,23:25:46,H,11.00,61.50
2022-11-25,23:25:56,H,11.00,61.50
2022-11-25,23:26:06,H,11.00,61.50
2022-11-25,23:26:16,H,11.00,61.40
2022-11-25,23:26:26,H,11.00,61.40
2022-11-25,23:26:36,H,11.00,61.40
2022-11-25,23:26:46,H,11.00,61.50
2022-11-25,23:26:56,H,11.00,61.50
2022-11-25,23:27:06,H,11.00,61.40
2022-11-25,23:27:16,H,11.00,61.40
2022-11-25,23:27:26,H,11.00,61.50
2022-11-25,23:27:36,H,11.00,61.50
2022-11-25,23:27:46,H,11.00,61.40
2022-11-25,23:27:56,H,11.00,61.30
2022-11-25,23:28:06,H,11.00,61.30
2022-11-25,23:28:16,H,11.00,61.30
2022-11-25,23:28:26,H,11.00,61.30
2022-11-25,23:28:36,H,11.00,61.30
2022-11-25,23:28:46,H,11.00,61.40
2022-11-25,23:28:56,H,11.00,61.40
2022-11-25,23:29:06,H,11.00,61.50
2022-11-25,23:29:16,H,11.00,61.50
2022-11-25,23:29:26,H,11.00,61.40
2022-11-25,23:29:36,H,11.00,61.40
2022-11-25,23:29:46,H,11.00,61.40
2022-11-25,23:29:56,H,11.00,61.40
2022-11-25,23:30:06,H,11.00,61.40
2022-11-25,23:30:16,H,11.00,61.40
2022-11-25,23:30:26,H,11.00,61.30
2022-11-25,23:30:36,H,11.00,61.20
2022-11-25,23:30:46,H,11.00,61.30
2022-11-25,23:30:56,H,11.00,61.30
2022-11-25,23:31:06,H,11.00,61.30
2022-11-25,23:31:16,H,11.00,61.30
2022-11-25,23:31:26,H,11.00,61.30
2022-11-25,23:31:36,H,11.00,61.40
2022-11-25,23:31:46,H,11.00,61.40
2022-11-25,23:31:56,H,11.00,61.50
2022-11-25,23:32:06,H,11.00,61.50
2022-11-25,23:32:16,H,11.00,61.50
2022-11-25,23:32:26,H,11.00,61.40
2022-11-25,23:32:36,H,11.00,61.50
2022-11-25,23:32:46,H,11.00,61.50
2022-11-25,23:32:56,H,11.00,61.40
2022-11-25,23:33:06,H,11.00,61.40
2022-11-25,23:33:16,H,11.00,61.40
2022-11-25,23:33:26,H,11.00,61.30
2022-11-25,23:33:36,H,11.00,61.30
2022-11-25,23:33:46,H,11.00,61.30
2022-11-25,23:33:56,H,11.00,61.40
2022-11-25,23:34:06,H,11.00,61.40
2022-11-25,23:34:16,H,11.00,61.40
2022-11-25,23:34:26,H,11.00,61.40
2022-11-25,23:34:36,H,11.00,61.30
2022-11-25,23:34:46,H,11.00,61.40
2022-11-25,23:34:56,H,11.00,61.40
2022-11-25,23:35:06,H,11.00,61.40
2022-11-25,23:35:16,H,11.00,61.40
2022-11-25,23:35:26,H,11.00,61.40
2022-11-25,23:35:36,H,11.00,61.40
2022-11-25,23:35:46,H,11.00,61.50
2022-11-25,23:35:56,H,11.00,61.50
2022-11-25,23:36:06,H,11.00,61.50
2022-11-25,23:36:16,H,11.00,61.60
2022-11-25,23:36:26,H,11.00,61.70
2022-11-25,23:36:36,H,11.00,61.60
2022-11-25,23:36:46,H,11.00,61.40
2022-11-25,23:36:56,H,11.00,61.30
2022-11-25,23:37:06,H,11.00,61.30
2022-11-25,23:37:16,H,11.00,61.30
2022-11-25,23:37:26,H,11.00,61.20
2022-11-25,23:37:36,H,11.00,61.20
2022-11-25,23:37:46,H,11.00,61.10
2022-11-25,23:37:56,H,11.00,61.20
2022-11-25,23:38:06,H,11.00,61.30
2022-11-25,23:38:16,H,11.00,61.40
2022-11-25,23:38:26,H,11.00,61.50
2022-11-25,23:38:36,H,11.00,61.50
2022-11-25,23:38:46,H,11.00,61.40
2022-11-25,23:38:56,H,11.00,61.30
2022-11-25,23:39:06,H,11.00,61.40
2022-11-25,23:39:16,H,11.00,61.40
2022-11-25,23:39:26,H,11.00,61.40
2022-11-25,23:39:36,H,11.00,61.30
2022-11-25,23:39:46,H,11.00,61.20
2022-11-25,23:39:56,H,11.00,61.10
2022-11-25,23:40:06,H,11.00,61.10
2022-11-25,23:40:16,H,11.00,61.10
2022-11-25,23:40:26,H,11.00,61.10
2022-11-25,23:40:36,H,11.00,61.00
2022-11-25,23:40:46,H,11.00,61.00
2022-11-25,23:40:56,H,11.00,60.90
2022-11-25,23:41:06,H,11.00,60.90
2022-11-25,23:41:16,H,10.90,61.00
2022-11-25,23:41:26,H,11.00,61.10
2022-11-25,23:41:36,H,11.00,61.10
2022-11-25,23:41:46,H,10.90,61.20
2022-11-25,23:41:56,H,11.00,61.10
2022-11-25,23:42:06,H,11.00,61.10
2022-11-25,23:42:16,H,11.00,61.10
2022-11-25,23:42:26,H,11.00,61.20
2022-11-25,23:42:36,H,11.00,61.20
2022-11-25,23:42:46,H,11.00,61.30
2022-11-25,23:42:56,H,11.00,61.20
2022-11-25,23:43:06,H,11.00,61.10
2022-11-25,23:43:16,H,11.00,61.10
2022-11-25,23:43:26,H,11.00,61.20
2022-11-25,23:43:36,H,11.00,61.20
2022-11-25,23:43:46,H,11.00,61.20
2022-11-25,23:43:56,H,11.00,61.20
2022-11-25,23:44:06,H,11.00,61.30
2022-11-25,23:44:16,H,11.00,61.30
2022-11-25,23:44:26,H,11.00,61.30
2022-11-25,23:44:36,H,11.00,61.30
2022-11-25,23:44:46,H,11.00,61.40
2022-11-25,23:44:56,H,11.00,61.40
2022-11-25,23:45:06,H,11.00,61.30
2022-11-25,23:45:16,H,11.00,61.20
2022-11-25,23:45:26,H,11.00,61.20
2022-11-25,23:45:36,H,11.00,61.20
2022-11-25,23:45:46,H,11.00,61.20
2022-11-25,23:45:56,H,11.00,61.20
2022-11-25,23:46:06,H,11.00,61.10
2022-11-25,23:46:16,H,11.00,61.10
2022-11-25,23:46:26,H,11.00,61.10
2022-11-25,23:46:46,H,11.00,61.10
2022-11-25,23:46:56,H,11.00,61.10
2022-11-25,23:47:06,H,11.00,61.10
2022-11-25,23:47:16,H,11.00,61.10
2022-11-25,23:47:26,H,11.00,61.10
2022-11-25,23:47:36,H,11.00,61.10
2022-11-25,23:47:46,H,11.00,61.00
2022-11-25,23:47:56,H,11.00,61.00
2022-11-25,23:48:06,H,11.00,61.00
2022-11-25,23:48:16,H,11.00,61.10
2022-11-25,23:48:26,H,11.00,61.10
2022-11-25,23:48:36,H,11.00,61.00
2022-11-25,23:48:46,H,11.00,60.90
2022-11-25,23:48:56,H,11.00,60.90
2022-11-25,23:49:06,H,11.00,60.90
2022-11-25,23:49:16,H,11.00,60.90
2022-11-25,23:49:26,H,11.00,60.90
2022-11-25,23:49:36,H,11.00,61.00
2022-11-25,23:49:46,H,11.00,61.00
2022-11-25,23:49:56,H,11.00,61.00
2022-11-25,23:50:06,H,11.00,61.00
2022-11-25,23:50:16,H,11.00,61.00
2022-11-25,23:50:26,H,11.00,61.00
2022-11-25,23:50:36,H,11.00,61.00
2022-11-25,23:50:46,H,11.00,61.10
2022-11-25,23:50:56,H,11.00,61.10
2022-11-25,23:51:06,H,11.00,61.20
2022-11-25,23:51:16,H,11.00,61.20
2022-11-25,23:51:26,H,11.00,61.00
2022-11-25,23:51:36,H,11.00,60.80
2022-11-25,23:51:46,H,11.00,60.50
2022-11-25,23:51:56,H,11.00,60.40
2022-11-25,23:52:06,H,11.00,60.20
2022-11-25,23:52:16,H,11.00,60.40
2022-11-25,23:52:26,H,11.00,60.80
2022-11-25,23:52:36,H,11.00,61.00
2022-11-25,23:52:46,H,11.00,61.20
2022-11-25,23:52:56,H,11.00,61.20
2022-11-25,23:53:06,H,11.00,61.20
2022-11-25,23:53:16,H,11.00,61.20
2022-11-25,23:53:26,H,11.00,61.30
2022-11-25,23:53:36,H,11.00,61.30
2022-11-25,23:53:46,H,11.00,61.30
2022-11-25,23:53:56,H,11.00,61.20
2022-11-25,23:54:06,H,11.00,61.30
2022-11-25,23:54:16,H,11.00,61.20
2022-11-25,23:54:26,H,11.00,61.20
2022-11-25,23:54:36,H,11.00,61.20
2022-11-25,23:54:46,H,11.00,61.30
2022-11-25,23:54:56,H,11.00,61.30
2022-11-25,23:55:06,H,11.00,61.30
2022-11-25,23:55:16,H,11.00,61.20
2022-11-25,23:55:26,H,11.00,61.20
2022-11-25,23:55:36,H,11.00,61.20
2022-11-25,23:55:46,H,11.00,61.30
2022-11-25,23:55:56,H,11.00,61.40
2022-11-25,23:56:06,H,11.00,61.40
2022-11-25,23:56:16,H,11.10,61.40
2022-11-25,23:56:26,H,11.00,61.40
2022-11-25,23:56:36,H,11.00,61.30
2022-11-25,23:56:46,H,11.10,61.30
2022-11-25,23:56:56,H,11.10,61.30
2022-11-25,23:57:06,H,11.00,61.30
2022-11-25,23:57:16,H,11.10,61.30
2022-11-25,23:57:26,H,11.10,61.30
2022-11-25,23:57:36,H,11.10,61.30
2022-11-25,23:57:46,H,11.10,61.30
2022-11-25,23:57:56,H,11.10,61.30
2022-11-25,23:58:06,H,11.10,61.30
2022-11-25,23:58:16,H,11.10,61.20
2022-11-25,23:58:26,H,11.10,61.20
2022-11-25,23:58:36,H,11.10,61.20
2022-11-25,23:58:46,H,11.10,61.20
2022-11-25,23:58:56,H,11.10,61.20
2022-11-25,23:59:06,H,11.10,61.30
2022-11-25,23:59:16,H,11.10,61.30
2022-11-25,23:59:26,H,11.10,61.30
2022-11-25,23:59:36,H,11.10,61.20
2022-11-25,23:59:46,H,11.10,61.20
2022-11-25,23:59:56,H,11.10,61.30
